Entrada1,Entrada2,Entrada3,Entrada4,Entrada5,Entrada6,Clase
37.454011884736246,51.777010009332535,X,9,True,2020-06-09,D
95.07143064099162,36.64655641289899,X,2,False,2020-08-22,B
73.1993941811405,53.801978510059634,X,8,True,2020-07-08,A
59.86584841970366,56.10585745283823,X,15,True,2020-04-26,B
15.601864044243651,55.5979044793104,X,7,False,2020-09-27,B
15.599452033620265,60.807807255546216,Z,6,True,2020-09-14,A
5.8083612168199465,58.33922154548904,Y,1,True,2020-06-28,A
86.61761457749351,54.59180079228437,Z,15,True,2020-06-20,C
60.11150117432088,49.29834288541353,X,7,True,2020-09-30,C
70.80725777960456,33.39039066484008,X,17,True,2020-09-15,A
2.0584494295802447,54.296182191325855,X,2,True,2020-05-14,D
96.99098521619943,52.076876871631114,X,9,False,2020-06-19,D
83.24426408004217,52.715788371953735,Y,9,True,2020-07-28,B
21.233911067827616,37.232514241796906,X,13,False,2020-08-23,E
18.182496720710063,39.189434595917376,Y,6,False,2020-07-04,B
18.34045098534338,60.53152853332904,X,6,True,2020-12-29,B
30.42422429595377,49.60444846143345,Y,3,False,2020-04-04,E
52.475643163223786,56.81500697372624,Z,17,False,2020-01-11,A
43.194501864211574,50.28318376130461,X,17,True,2020-03-08,D
29.122914019804192,50.297561394957455,Y,12,True,2020-07-28,B
61.18528947223795,59.382838059759976,Z,16,True,2020-07-14,E
13.949386065204184,44.83955271782626,X,15,False,2020-04-07,C
29.214464853521815,50.96120776940983,X,13,False,2020-04-02,B
36.63618432936917,45.377247112949576,X,1,True,2020-01-22,D
45.606998421703594,45.65503772567684,Y,17,True,2020-06-20,A
78.51759613930136,46.908278765313604,Y,3,False,2020-05-13,B
19.967378215835975,52.22133771633713,Z,15,False,2020-01-25,B
51.42344384136116,45.212513783365225,Y,4,False,2020-07-03,E
59.24145688620425,62.55756125573521,Y,4,False,2020-03-25,C
4.645041271999773,41.05392697780496,X,18,True,2020-02-24,C
60.75448519014384,48.13128355838641,X,17,False,2020-09-07,A
17.052412368729154,45.60268941725825,X,19,False,2020-05-23,D
6.505159298527952,64.46977884353733,X,11,False,2020-12-16,A
94.88855372533332,51.965547765115744,X,3,False,2020-06-15,B
96.56320330745594,60.31844539468635,X,8,True,2020-08-11,B
80.83973481164611,35.14439626963028,X,14,True,2020-08-07,C
30.46137691733707,52.67050265869259,Z,1,False,2020-06-27,D
9.767211400638388,58.89630795623437,Z,14,False,2020-04-28,E
68.42330265121569,50.82283989275424,Z,2,True,2020-09-21,D
44.01524937396013,60.654803750653514,Z,4,True,2020-05-29,B
12.203823484477883,44.82711549899628,X,19,False,2020-08-02,E
49.51769101112702,64.0934744018558,Z,6,False,2020-07-15,D
3.4388521115218396,72.9889812361925,X,1,True,2020-02-11,D
90.9320402078782,46.37161439560341,Z,17,True,2020-02-22,E
25.87799816000169,45.54497478599228,Y,8,True,2020-11-25,B
66.2522284353982,64.533844771177,Z,19,True,2020-09-07,D
31.171107608941096,65.79572145730712,Z,1,True,2020-10-21,E
52.00680211778108,44.771399728467316,X,5,True,2020-09-27,B
54.67102793432797,45.798131829041424,Z,16,False,2020-05-02,E
18.485445552552704,47.18215391139493,Y,6,True,2020-12-04,E
96.95846277645586,36.555494889657226,X,8,True,2020-09-22,D
77.51328233611146,40.81348053515802,X,13,True,2020-12-13,B
93.9498941564189,39.95859233247932,Z,16,True,2020-01-29,D
89.48273504276489,42.32202434895871,X,3,False,2020-02-04,A
59.78999788110851,49.65315112613219,X,19,False,2020-01-06,A
92.18742350231169,52.342147325365204,X,12,True,2020-04-20,B
8.84925020519195,65.50500492814076,X,16,False,2020-10-20,E
19.59828624191452,40.016459592612094,X,11,False,2020-03-17,D
4.522728891053807,59.843223984765835,X,10,False,2020-12-14,D
32.53303307632643,47.86011155774491,Y,4,False,2020-05-26,B
38.8677289689482,49.50536290347567,Z,12,False,2020-03-07,B
27.134903177389592,56.74819492166604,Y,2,False,2020-01-08,A
82.87375091519293,38.772779784377015,X,19,True,2020-05-01,C
35.67533266935893,53.82409746184051,X,5,True,2020-12-05,B
28.093450968738075,51.66452208213056,Z,8,True,2020-06-23,C
54.26960831582485,54.92451264008149,Y,7,True,2020-06-27,B
14.092422497476264,52.89168643907818,Z,14,True,2020-03-25,E
80.21969807540397,74.55300139910895,Y,3,False,2020-02-14,E
7.455064367977082,43.62260015748684,X,18,True,2020-05-15,A
98.68869366005173,44.690030449981826,Z,16,True,2020-12-08,A
77.22447692966574,43.76859473575236,Z,19,False,2020-01-16,C
19.87156815341724,44.44522880839745,X,19,False,2020-11-28,B
0.5522117123602399,43.62612872693482,Z,18,True,2020-07-13,D
81.54614284548342,61.89016531107552,Y,16,False,2020-01-09,A
70.68573438476172,64.20504247989855,Y,8,False,2020-11-11,D
72.90071680409874,44.29253706250524,Y,1,False,2020-11-29,D
77.12703466859458,41.67644426895771,Y,17,False,2020-11-28,B
7.4044651734090365,54.71415556386404,X,12,True,2020-11-22,C
35.84657285442726,44.477769557190285,Z,11,False,2020-01-15,B
11.586905952512971,56.32931817755511,Y,5,True,2020-11-22,A
86.31034258755935,52.029230208513,X,12,True,2020-04-11,D
62.329812682755794,34.84255885002768,Z,17,False,2020-08-13,B
33.08980248526492,65.47505201330061,Z,6,False,2020-10-04,B
6.355835028602364,67.95877673095522,X,1,False,2020-04-22,B
31.09823217156622,43.87211309515614,X,5,True,2020-01-01,A
32.518332202674706,46.122984400640156,Y,14,False,2020-09-22,C
72.96061783380641,52.85865390724905,Z,5,False,2020-07-26,B
63.75574713552131,53.34456789987025,Z,1,False,2020-04-19,A
88.72127425763266,56.5854427267283,X,18,False,2020-07-18,D
47.22149251619493,70.1020453876635,Z,16,False,2020-11-01,E
11.959424593830171,48.2305277250595,Y,9,True,2020-01-12,A
71.3244787222995,42.01702755461546,Z,19,False,2020-12-10,E
76.07850486168974,36.20680771985473,X,5,False,2020-07-06,B
56.127719756949624,42.69069960058081,X,2,False,2020-06-02,B
77.0967179954561,49.66873027126203,Y,15,True,2020-11-29,A
49.379559636439076,67.94557863517788,Y,7,False,2020-10-05,E
52.27328293819941,44.823887009638284,Z,4,True,2020-06-19,B
42.75410183585496,52.237879516388986,Z,1,True,2020-05-13,D
2.541912674409519,49.83577103927248,X,13,False,2020-01-25,C
10.789142699330444,61.88393273448084,Y,7,False,2020-01-18,C
3.142918568673425,75.26932425873622,Y,15,False,2020-07-08,B
63.64104112637804,44.69131227079679,Y,14,True,2020-05-20,E
31.435598107632668,45.10560557481778,Z,19,True,2020-02-12,B
50.85706911647028,60.44160877069072,Y,18,True,2020-11-29,E
90.7566473926093,56.81891489626312,X,10,True,2020-10-10,D
24.929222914887493,68.46707325736034,X,9,True,2020-05-25,E
41.038292303562976,55.839281853259635,Z,8,True,2020-11-10,B
75.55511385430486,46.40707909212941,Z,10,False,2020-11-14,D
22.879816549162246,55.90654830692309,Y,17,False,2020-04-01,A
7.697990982879299,61.087035805829075,Z,2,True,2020-06-27,C
28.9751452913768,58.204821811973645,X,6,False,2020-02-25,B
16.122128725400444,55.07274031107298,Y,5,False,2020-06-03,B
92.96976523425731,60.666746895891535,X,9,True,2020-06-08,B
80.8120379564417,61.692955904456724,Y,5,True,2020-04-20,D
63.34037565104234,63.82158991037527,Z,18,False,2020-05-16,A
87.14605901877177,56.48709887589643,Y,9,True,2020-08-19,E
80.36720768991145,48.328819196831454,Y,17,True,2020-08-07,A
18.657005888603585,51.46713686433323,X,17,False,2020-03-08,D
89.25589984899777,62.06508966508357,X,12,True,2020-10-28,B
53.93422419156507,41.83064329012764,Y,7,False,2020-09-05,C
80.74401551640625,53.686733088729014,Z,3,False,2020-11-18,B
89.60912999234932,46.06661187672639,Z,10,False,2020-01-06,E
31.800347497186387,50.28744822934817,X,2,False,2020-10-06,C
11.005192452767677,62.78451862607299,Z,3,False,2020-04-03,B
22.793516254194166,51.910990680199035,X,16,True,2020-09-25,C
42.71077886262563,50.46436548156149,Z,2,True,2020-07-15,A
81.80147659224932,36.40143859020081,Y,10,True,2020-01-25,D
86.07305832563435,57.46253566027221,X,6,True,2020-05-27,B
0.6952130531190703,56.45484181141075,X,11,False,2020-04-27,E
51.07473025775657,71.6325472330546,Y,7,False,2020-12-03,A
41.7411003148779,46.92221765046999,X,15,True,2020-12-03,B
22.210781047073024,52.19150327663939,Z,6,False,2020-03-06,A
11.98653673336828,52.49383683710755,Z,9,True,2020-10-27,E
33.7615171403628,65.77453279763475,X,12,True,2020-06-23,B
94.29097039125192,49.047044676130476,Z,19,True,2020-11-14,E
32.320293202075526,52.790215257703395,X,3,False,2020-03-16,C
51.87906217433661,56.078965097165394,Y,15,False,2020-04-23,E
70.30189588951778,51.86609123156358,X,2,False,2020-04-20,C
36.3629602379294,45.535663854494715,Y,2,False,2020-09-05,B
97.17820827209607,51.94089992898308,Z,3,True,2020-07-21,C
96.24472949421113,60.73631749859772,Y,6,False,2020-05-26,B
25.178229582536417,39.7348470058894,Z,15,False,2020-02-04,B
49.72485058923854,51.32969674146876,X,10,False,2020-11-04,D
30.087830981676966,42.99879185060827,Z,9,True,2020-01-26,B
28.484049437746762,61.950466289248425,X,1,True,2020-08-25,C
3.6886947354532795,34.76813095216225,X,16,False,2020-01-14,D
60.956433397989684,44.410781527284115,Y,6,False,2020-02-14,D
50.26790232288615,53.772118750645205,Y,9,False,2020-08-03,B
5.147875124998935,65.65524029234341,Y,4,False,2020-08-20,E
27.864646423661142,49.34249738927012,Y,2,True,2020-07-11,E
90.82658859666537,44.44800473306802,Z,4,False,2020-02-20,D
23.95618906669724,68.8115706944059,Z,1,False,2020-08-01,B
14.48948720912231,35.51986099583756,Z,19,False,2020-05-30,E
48.9452760277563,28.011940433799182,X,10,True,2020-10-01,B
98.56504541106007,54.40014450053332,Z,15,True,2020-12-03,B
24.20552715115004,44.97945775647389,Z,19,False,2020-03-16,D
67.21355474058785,39.787671828692865,Z,16,False,2020-08-07,D
76.16196153287176,57.08356447299353,Y,4,False,2020-12-13,A
23.763754399239968,52.43800713771199,Z,2,False,2020-07-05,E
72.82163486118596,44.359213692632714,X,13,False,2020-10-15,E
36.77831327192532,37.19695601329106,Y,1,True,2020-01-28,E
63.23058305935795,58.724573282801444,X,17,True,2020-06-28,C
63.35297107608947,56.50201177958661,Z,13,True,2020-09-09,B
53.57746840747585,49.00824136220617,Y,4,False,2020-05-05,D
9.02897700544083,68.46636996047665,X,7,True,2020-06-25,E
83.5302495589238,39.29915233673847,Z,17,True,2020-02-06,A
32.07800649717358,34.74474829075261,X,9,True,2020-04-08,E
18.651851039985424,43.080919301187556,X,4,False,2020-04-07,B
4.077514155476392,49.54413983644502,X,19,False,2020-05-06,B
59.08929431882418,52.43339449322692,Z,1,True,2020-06-16,D
67.75643618422824,47.5876394214367,Z,10,False,2020-03-20,C
1.6587828927856152,53.520553965142966,X,4,True,2020-10-20,D
51.2093058299281,37.48460575809556,Y,9,True,2020-11-28,E
22.649577519793795,64.4376460407326,Y,13,True,2020-05-05,A
64.51727904094498,49.178488216074314,Z,14,True,2020-12-08,D
17.436642900499145,61.172958315881274,Z,10,False,2020-11-05,C
69.09377381024659,53.42725346377704,Z,6,False,2020-05-29,D
38.67353463005374,54.567532191537836,Z,16,False,2020-01-16,B
93.67299887367345,55.69767280232204,Z,6,False,2020-01-28,E
13.752094414599325,54.47708560017315,Y,17,True,2020-06-21,E
34.10663510502585,56.42722759867544,Z,10,False,2020-02-15,E
11.347352124058908,63.29152530132431,X,18,True,2020-11-23,E
92.46936182785628,51.9652116970147,X,18,False,2020-08-23,E
87.7339353380981,57.09003757588512,Y,3,False,2020-08-01,E
25.79416277151556,49.102643057127736,X,15,False,2020-03-25,A
65.99840460341791,64.40117215449473,Y,15,True,2020-10-08,C
81.72222002012158,43.2360769794073,Y,4,True,2020-08-19,E
55.52008115994623,68.00940432910815,X,9,True,2020-03-25,C
52.965057835600646,49.59842049355657,Z,19,True,2020-03-05,E
24.18522909004517,35.69224897881952,X,17,False,2020-05-13,D
9.310276780589922,51.28104414910789,X,11,True,2020-05-30,E
89.72157579533267,43.18948342525119,Y,9,True,2020-04-24,B
90.04180571633304,58.406435489887244,X,10,False,2020-03-04,A
63.31014572732679,43.47376020697609,Y,18,False,2020-12-08,D
33.90297910487007,45.538165667852205,Z,13,True,2020-12-28,D
34.92095746126609,31.104592690544692,Z,8,False,2020-12-17,B
72.59556788702393,45.47693680750923,Z,7,True,2020-06-06,E
89.71102599525771,25.761206733710434,X,17,False,2020-03-17,A
88.70864242651173,34.16097176514277,Y,15,True,2020-05-25,D
77.98755458576238,57.604146561442974,Z,15,True,2020-12-08,A
64.20316461542878,57.85800158650832,Y,1,True,2020-08-12,D
8.413996499504883,54.254575617849646,Y,14,True,2020-11-08,E
16.162871409461378,40.33023856870787,Z,5,True,2020-04-12,D
89.85541885270793,49.5228864385802,Z,11,False,2020-12-12,D
60.642905965958995,49.963974609094315,Y,16,True,2020-10-27,C
0.9197051616629648,38.416353108074574,Z,2,True,2020-03-28,E
10.147154286603211,65.0339830176715,Y,8,True,2020-10-29,B
66.35017691080559,58.77362290575671,Y,11,True,2020-06-16,B
0.5061583846218687,47.79035826170336,Z,18,True,2020-06-18,E
16.080805141749867,50.26885838994531,X,3,False,2020-05-14,B
54.87337893665861,52.08382807947552,Z,1,False,2020-02-19,E
69.18951976926932,29.582651315757094,X,11,True,2020-12-05,B
65.19612595026005,47.52822617479403,Y,16,False,2020-12-12,C
22.42693094605598,43.180157520022014,Y,18,True,2020-05-13,B
71.2179221347536,39.983799901050844,X,16,False,2020-12-12,D
23.724908749680008,47.18899707114045,Y,10,False,2020-05-16,E
32.539969815926774,67.97686526849523,X,18,True,2020-09-01,A
74.64914051180241,56.4084286126701,X,6,False,2020-04-18,A
64.96328990472146,44.28821010217203,Y,19,False,2020-11-08,E
84.9223410494178,55.72582781356159,X,4,True,2020-10-13,C
65.76128923003434,63.99355436586002,Z,13,True,2020-01-21,B
56.830860333547164,59.246336829127685,Z,14,False,2020-03-30,C
9.367476782809248,50.59630369920174,Y,3,False,2020-10-22,A
36.77158030594335,43.53063222294426,Y,10,False,2020-04-21,E
26.520236768172545,56.982233136135896,X,6,True,2020-10-27,E
24.398964337908357,53.934853854217494,X,1,False,2020-03-17,C
97.30105547524455,58.95193220027733,X,14,False,2020-06-25,C
39.30977246667604,56.351718016819696,X,8,False,2020-12-08,B
89.20465551771133,60.49552715319335,Z,19,True,2020-05-27,D
63.11386259972629,44.64764788439432,Z,14,True,2020-04-10,D
79.48113035416485,63.173940656343255,Y,10,True,2020-09-02,B
50.26370931051921,51.975996046923996,X,17,True,2020-04-26,D
57.69038846263591,70.75260872625265,X,9,False,2020-04-01,A
49.25176938188639,43.10812181910432,Y,6,True,2020-01-28,D
19.52429877980445,67.3596380316525,X,11,False,2020-01-25,B
72.24521152615053,51.979107834626475,X,7,False,2020-02-27,D
28.07723624408558,43.48581996385552,X,17,False,2020-10-23,E
2.431596643145384,45.16114165945678,X,1,False,2020-05-13,C
64.54722959071678,46.7965269180568,X,5,True,2020-11-26,A
17.711067940704893,54.241659464019165,Y,9,True,2020-09-05,E
94.04585843529144,55.228354880355,X,18,True,2020-02-07,E
95.39285770025873,44.26299996061421,Y,2,True,2020-03-15,B
91.48643902204485,49.756454077390174,X,11,True,2020-05-21,C
37.01587002554444,71.42270358611864,Z,6,False,2020-11-17,C
1.5456616528867428,67.27543170100711,Z,8,True,2020-06-16,A
92.83185625877253,54.36323669674032,Z,4,True,2020-09-15,B
42.81841483173143,50.380034781682,Z,18,True,2020-12-20,A
96.66548190436696,51.200313267182615,Y,11,True,2020-08-12,D
96.36199770892529,56.13517972730416,Y,5,False,2020-05-31,E
85.300945546736,39.77207434801595,X,15,False,2020-01-19,A
29.444889206958567,47.42623462576655,Z,18,False,2020-05-25,E
38.50977286019253,33.314159261224106,Y,2,False,2020-08-28,B
85.11366715168569,53.992231226052795,X,11,False,2020-12-09,D
31.692200515627768,56.47195939702741,X,13,True,2020-08-24,B
16.94927466860925,45.16813537700626,Y,4,False,2020-02-04,D
55.68012624583501,65.73986763290033,Z,7,False,2020-07-08,D
93.6154774160781,37.74234336997659,X,11,False,2020-01-01,E
69.6029796674973,35.3562511979018,Z,4,True,2020-06-01,B
57.0061170089365,52.24451818559972,Z,15,True,2020-05-05,B
9.717649377076853,60.470983026121544,Z,1,False,2020-12-10,A
61.500722669916975,66.83927691457869,X,3,True,2020-08-13,B
99.00538501042632,45.4111573713106,Z,14,True,2020-08-08,A
14.008401523652402,60.78680833431296,X,6,False,2020-07-29,C
51.832965236373674,49.61491530499293,Z,18,True,2020-01-25,C
87.73730719279554,48.273727000591805,X,1,True,2020-01-16,C
74.07686177542044,58.83659937486672,Z,6,True,2020-06-30,B
69.7015740995268,56.5232287841342,Y,6,False,2020-11-24,B
70.24840839871092,34.236078430157505,Z,16,False,2020-05-08,A
35.94911512197552,64.76540349725896,Z,5,False,2020-02-11,D
29.359184426449335,63.800913541474515,X,17,True,2020-12-01,A
80.93611554785136,43.74437298490471,X,10,False,2020-08-23,C
81.01133946791808,53.95803533437409,Z,18,True,2020-12-25,A
86.70723185801037,54.94030186282739,Y,7,True,2020-02-03,D
91.32405525564712,52.60673765823907,Y,3,True,2020-12-10,B
51.13423988609378,44.4969484615458,X,13,False,2020-02-14,A
50.15162946871996,43.283766320619485,Y,15,False,2020-05-13,C
79.82951789667752,49.744459290085544,Z,19,False,2020-01-21,C
64.99639307777652,61.72729019259364,X,3,False,2020-05-01,B
70.19668772577033,55.43600154594432,Z,4,True,2020-03-10,A
79.57926694361011,46.29385667913894,X,5,False,2020-12-17,D
89.00053418175663,57.716987106483444,X,1,True,2020-12-26,B
33.79951568515358,21.514573793699245,X,4,False,2020-02-17,A
37.5582952639944,61.48765700372103,X,12,False,2020-02-08,E
9.3981939840869,32.60286221221901,Y,10,False,2020-10-13,C
57.8280140996174,46.37559058596868,Z,13,True,2020-01-10,D
3.5942273796742086,38.803301053738565,Z,14,True,2020-01-30,D
46.55980181324602,37.053185242790946,Z,5,True,2020-08-31,D
54.26446347075766,61.608267873785195,X,4,True,2020-09-30,C
28.65412521282844,45.32298798688109,Y,14,True,2020-03-28,A
59.08332605690107,53.46503881730716,Z,10,False,2020-08-31,B
3.050024993904943,49.53079421120816,Y,17,True,2020-11-24,A
3.7348188749214417,54.770408272231215,X,10,True,2020-01-15,B
82.26005606596583,50.768218910602556,Z,7,True,2020-01-04,D
36.019064141126286,37.1700777581143,Y,16,True,2020-07-09,A
12.706051265188478,59.9626681944714,X,1,False,2020-06-16,D
52.224326005480435,45.06243416838687,Y,17,True,2020-01-09,E
76.99935530986109,34.434181013402494,Z,9,False,2020-04-18,D
21.582102749684317,45.718848390340874,Z,6,False,2020-05-16,D
62.28904758190003,65.00759790634311,X,19,False,2020-06-02,B
8.5347464993768,58.50221742113493,X,13,True,2020-07-27,E
5.16817211686077,46.51347865592141,X,3,False,2020-09-28,D
53.1354631568148,46.50742295681571,Y,7,True,2020-05-22,D
54.06351216101065,46.783649487826175,Y,9,True,2020-04-08,E
63.742990149820656,70.76747983560841,Y,5,True,2020-11-03,E
72.60913337226616,53.819354522315535,X,10,True,2020-03-09,A
97.58520794625346,54.300416471910694,Z,17,True,2020-09-03,B
51.630034830119534,60.30283454031842,Z,12,False,2020-09-17,E
32.2956472941246,52.387891590265134,Y,16,False,2020-10-02,E
79.51861947687037,47.40957854179297,Y,3,True,2020-03-19,C
27.083225126207424,48.03650150915022,Z,9,False,2020-05-25,E
43.89714207056361,49.283987405859364,Z,15,True,2020-04-20,B
7.845638134226595,49.627777634901584,Y,5,False,2020-09-14,D
2.535074341545751,57.2762954363698,Y,13,False,2020-04-02,D
96.26484146779251,50.519458858072994,Z,14,False,2020-01-13,D
83.59801205122058,57.32640077215579,X,15,False,2020-09-16,D
69.59742060936979,49.19283419891418,Y,16,False,2020-04-18,C
40.89529444142699,50.786351903160906,Z,13,True,2020-11-25,E
17.329432007084577,30.017993154678923,Z,17,True,2020-07-07,D
15.643704267108605,59.16327674702482,Z,8,False,2020-04-04,A
25.024289816459532,53.46488475897993,Z,2,True,2020-04-14,D
54.92266647061205,59.98010109859652,X,5,False,2020-01-08,E
71.45959227000624,21.037446218063106,Z,6,True,2020-03-07,D
66.01973767177313,70.88374704780728,Y,12,False,2020-07-09,C
27.993389694594285,48.604103718448265,X,18,False,2020-09-12,B
95.48652806631941,61.081828167375164,Z,1,False,2020-01-09,B
73.78969166957685,39.60094072874469,X,17,True,2020-04-26,E
55.43540525114007,56.1277390506257,Y,11,True,2020-09-23,B
61.17207462343522,39.46584436826344,Z,10,False,2020-04-08,B
41.96000624277899,43.76231039304195,Y,19,False,2020-10-24,A
24.773098950115745,69.14031353866787,Z,14,True,2020-06-12,E
35.597267865126156,48.09317599236653,Z,10,True,2020-05-20,E
75.78461104643691,52.17432873179723,Z,15,True,2020-09-24,B
1.4393488629755868,58.70067730688754,Z,19,True,2020-02-06,B
11.607264050691624,54.95681887972604,Z,4,True,2020-03-14,B
4.600264202175275,51.504189051435766,X,2,False,2020-03-13,C
4.072880231897013,53.64961002466225,Z,9,True,2020-11-03,D
85.54605840110072,74.03415585238275,Z,10,False,2020-07-17,C
70.36578593800236,49.42381202966415,X,11,False,2020-05-09,E
47.41738290873252,52.010990467149675,X,14,True,2020-09-02,A
9.783416065100148,60.50654396007612,X,7,True,2020-11-07,D
49.16158751168324,61.05525932957984,X,15,False,2020-02-29,A
47.34717707805657,61.8703030556038,X,19,True,2020-10-05,E
17.320186991001517,56.38730222029184,X,15,False,2020-04-12,E
43.385164923797305,38.569950872695166,Z,8,True,2020-10-22,A
39.85047343973734,66.33431532301096,Z,11,True,2020-11-15,A
61.585009805221645,38.53654606981312,Y,9,True,2020-12-06,A
63.50936508676438,53.02635465239033,Z,15,False,2020-05-30,E
4.530400977204452,42.45724149980642,Z,1,True,2020-06-05,B
37.46126146264712,49.35861653407007,X,1,False,2020-07-24,A
62.58599157142364,53.2876241030348,X,19,True,2020-06-27,D
50.31362585800877,53.21357215450273,Z,3,False,2020-07-15,E
85.64898411883223,54.21920754235285,Y,10,True,2020-08-10,C
65.8693631618945,66.13711269058646,X,8,False,2020-03-29,C
16.29344270814297,54.5353430151398,Z,15,False,2020-10-13,D
7.056874740042984,47.558433647093516,Z,10,False,2020-10-02,B
64.24192782063156,59.64087168288357,Y,1,False,2020-08-23,A
2.6511310541621813,61.894704889246405,Y,18,False,2020-07-01,E
58.57755812734633,37.72392184863008,X,2,False,2020-07-27,A
94.02302414249576,55.97400069849858,Y,19,True,2020-05-09,E
57.5474177875879,57.01172742310898,Z,13,False,2020-06-01,C
38.816992620652194,47.02436496640008,Z,1,False,2020-01-13,A
64.32882184423532,63.75706813311619,Y,2,False,2020-05-01,D
45.825289049151664,48.499444129674735,Y,16,True,2020-12-24,B
54.56167893159349,51.255764534715425,Y,15,True,2020-08-07,D
94.14648087765252,48.2692817571613,Y,13,True,2020-04-15,B
38.610263780077425,50.155790475814676,X,16,False,2020-03-10,A
96.11905638239142,39.037249131047986,Y,17,True,2020-07-13,A
90.53506419560637,35.59949117405706,X,7,True,2020-07-04,B
19.579113478929642,65.94505063224972,Z,17,False,2020-04-08,C
6.9361300875165455,41.53038651681672,Y,7,False,2020-03-22,E
10.077800137742665,40.08607650543693,X,13,True,2020-03-15,D
1.8221825651549728,28.466098863962852,Y,5,False,2020-12-05,D
9.44429607559284,43.610382523104974,Z,17,False,2020-07-10,D
68.30067734163569,36.76910206592502,Z,3,False,2020-11-20,A
7.118864846022898,66.4201516013637,Z,7,False,2020-08-01,D
31.89756302937613,60.09817089342634,Y,17,True,2020-11-10,E
84.48753109694546,43.118496548222765,Y,7,False,2020-11-13,E
2.3271935735825866,72.52435805344308,X,1,True,2020-05-23,B
81.44684825889358,59.81765486991594,Z,17,True,2020-08-03,A
28.185477477339994,46.75168616491378,Y,17,True,2020-12-26,E
11.816482762165625,25.00594285126427,Z,11,True,2020-11-19,C
69.67371653641507,72.90942572590743,Z,3,False,2020-01-15,A
62.8942846779884,36.10427533236404,X,15,False,2020-08-04,A
87.74720135270529,33.546012530431085,X,11,False,2020-02-04,E
73.50710438038858,60.225704320096405,X,16,True,2020-07-01,C
80.34809303848486,74.39752406339272,X,9,True,2020-09-26,B
28.203457257130648,63.84272818510518,Z,1,True,2020-12-23,E
17.743954377972283,55.639091200523595,X,16,False,2020-04-09,C
75.06147516408583,55.94754341665286,X,9,True,2020-01-07,A
80.6834739267264,58.53415558780308,X,19,False,2020-01-30,C
99.05051420006733,57.589285897867654,X,12,False,2020-10-31,A
41.26176769114265,52.811914239693756,Z,19,False,2020-05-23,E
37.201808579278314,51.04201103951876,X,9,False,2020-04-20,E
77.64129607419969,49.374068721004775,Z,7,True,2020-08-19,D
34.08035402530179,42.46035411133324,Y,14,False,2020-06-27,D
93.07573256035647,47.19324923133226,Z,19,True,2020-03-12,D
85.84127518430118,33.07043185804615,Z,19,False,2020-07-28,E
42.89940273750184,49.0166037320525,X,2,True,2020-08-07,B
75.08710677914974,40.11408892849083,Y,9,True,2020-03-20,E
75.45428740846823,38.964106827842286,Y,13,False,2020-03-23,C
10.31238688359326,51.798941511534785,Y,15,False,2020-02-11,E
90.25529066795667,63.92002286344599,Y,3,False,2020-09-29,E
50.525237244785714,59.183166060023126,Z,11,True,2020-07-09,A
82.64574661077417,34.29499396376823,Y,14,False,2020-06-21,A
32.00496010306117,40.10371863429663,Z,8,False,2020-01-07,A
89.55232284962005,59.40771187988216,Z,18,True,2020-06-03,E
38.92016787341631,40.175126064616904,Z,19,False,2020-01-10,B
1.083765148029836,47.753668500029754,Y,16,True,2020-02-03,C
90.53819764192636,55.50052099024552,X,2,False,2020-02-05,C
9.128667678613356,40.31655545136365,X,8,True,2020-01-06,B
31.93136375904149,51.0537550614596,Y,6,True,2020-08-02,B
95.0061967050805,36.65974505081795,X,12,False,2020-05-13,C
95.06071469375561,43.98632356048786,X,15,True,2020-10-11,D
57.34378881232861,53.19781934142537,Z,8,False,2020-05-05,A
63.183721216979926,34.070062664683306,Z,4,False,2020-12-02,A
44.84455219783198,54.40474737960399,Y,15,True,2020-06-22,C
29.321077169806454,49.803622010733186,Y,17,False,2020-05-31,B
32.8664545369916,55.524899544171475,X,13,True,2020-11-26,D
67.25184560770384,52.23914134064661,Z,18,True,2020-01-26,C
75.237452943768,63.64140429973844,Y,2,True,2020-04-24,A
79.15790437258485,51.25224502647907,Y,13,True,2020-10-10,E
78.96181427945538,45.70594458874747,Y,13,True,2020-03-15,B
9.120610304869036,51.222975030322836,Y,15,True,2020-06-14,E
49.442030470258146,55.43298029036388,Y,10,True,2020-07-07,C
5.755876001664428,50.48860070325704,Y,3,True,2020-03-18,A
54.95288823237355,50.405916912038826,X,19,False,2020-03-30,D
44.1530501373377,42.980083121932445,Z,3,False,2020-06-24,E
88.77041827582998,43.37099082449052,Z,14,True,2020-01-21,D
35.09150125520787,35.97394728200307,Y,8,False,2020-02-23,A
11.706701642760587,67.4957674318694,Z,4,False,2020-07-02,E
14.299168205283586,37.56136764608715,Z,11,False,2020-12-24,D
76.15106317174723,43.07094802204092,Z,11,False,2020-08-09,D
61.82180633162611,42.81592734430802,Y,11,False,2020-11-10,E
10.112267612279025,58.949243769444415,Y,2,False,2020-11-23,A
8.410680611499743,47.05050321707972,Z,17,True,2020-06-27,D
70.096913145912,62.477420726737336,Z,9,False,2020-10-02,C
7.276300636419353,43.26509375756132,Y,2,False,2020-04-21,E
82.18600592903562,52.78994162223802,X,15,False,2020-08-11,B
70.62422271564962,41.64652946740243,Z,16,False,2020-08-01,B
8.134878064189976,71.45149127773388,X,4,True,2020-02-28,A
8.483771408519193,38.12401580970487,Z,8,True,2020-11-22,C
98.66395785011754,53.09820710227027,X,9,True,2020-04-18,D
37.427079575612034,56.337768809320984,X,5,True,2020-06-05,B
37.06421470668909,54.137990974514985,X,16,False,2020-07-09,A
81.27995672575025,48.147123411222914,Y,13,True,2020-07-18,C
94.72485773838586,48.70179300266574,X,7,True,2020-11-07,C
98.6001063822871,50.438114719791095,X,17,True,2020-07-14,A
75.33781852589416,48.529979983715116,X,3,True,2020-02-04,A
37.62595855309158,59.638791167949094,Z,5,False,2020-09-02,D
8.350071669866876,72.10523001591352,X,19,True,2020-08-24,A
77.71469159274368,44.425082149921664,Z,12,False,2020-04-13,D
55.840424973580504,36.301970204209226,X,7,True,2020-01-07,D
42.42220092469763,49.117179516487454,X,9,False,2020-10-09,E
90.6354385094736,75.79709337654319,Y,6,False,2020-01-01,C
11.119748230615134,41.963254320302696,Z,17,True,2020-08-06,C
49.262510429085914,66.39116805444067,X,16,True,2020-08-17,C
1.1353644767419069,66.77700814076441,Z,3,True,2020-06-20,E
46.86606419941263,44.46411758292005,Z,4,True,2020-03-27,D
5.630327568183735,55.689830791852756,Y,10,False,2020-02-10,D
11.881791626807193,66.28396623128538,Y,5,False,2020-05-02,A
11.752624677710488,46.20872259012513,Y,10,True,2020-11-26,E
64.92103021160635,47.964196398976384,Y,12,True,2020-10-24,A
74.60448792654233,44.18319086051356,Y,10,False,2020-06-26,E
58.336876509715964,39.852432693071336,Y,13,True,2020-03-03,A
96.21725484745419,43.50722454933993,Y,11,False,2020-06-13,B
37.48705795237041,37.760597332377436,Y,16,True,2020-07-05,C
28.571208628186074,50.34083468259226,X,8,False,2020-07-27,C
86.85991281894603,42.30026768941358,Z,8,False,2020-08-14,D
22.359583851945263,52.33785911790748,Y,8,False,2020-02-17,B
96.32225394406113,34.44104353796373,Y,13,False,2020-08-11,C
1.2154474689816341,53.30880232214457,Z,2,False,2020-01-03,D
96.98788267076391,58.33528961608925,X,12,True,2020-06-23,B
4.315991195057611,30.062643574285445,Z,10,False,2020-04-08,C
89.11431136980711,53.74056569847572,Z,12,True,2020-04-25,A
52.77011090862999,62.27668992473292,Y,11,False,2020-09-26,E
99.29647961193004,37.90358981308795,Z,15,False,2020-09-09,B
7.379656473539886,66.72572386837703,Z,16,True,2020-11-12,D
55.38542844013208,54.190190093660455,Y,17,True,2020-04-04,B
96.9302535619099,42.949881442415915,Y,2,True,2020-09-29,D
52.30978441701488,49.44230922342294,Y,18,True,2020-01-24,B
62.93986381352625,55.58326912521722,Y,12,False,2020-04-25,D
69.57486889846172,50.760053914124114,Z,19,True,2020-05-30,C
45.454106476777326,55.387559924463694,Z,18,False,2020-12-03,A
62.75580800840635,40.79326406920634,X,17,True,2020-02-19,C
58.43143119231002,51.69360824036078,X,6,True,2020-07-24,A
90.11580104909889,35.8628550309502,Z,15,False,2020-11-30,C
4.5446380341457875,48.887739386513,X,3,False,2020-03-19,C
28.096318959223034,40.960923585352106,Z,6,True,2020-03-10,B
95.04114840765587,42.64470057410233,X,3,False,2020-01-27,E
89.02637838909163,62.36093175210438,Y,1,False,2020-09-27,D
45.56567527857129,60.91310120594269,X,13,False,2020-02-19,D
62.013259780153675,56.09138120907177,Y,14,False,2020-10-18,D
27.738118298113267,39.07687235327421,Y,13,False,2020-09-03,A
18.81211597237613,46.83591550305198,Y,4,False,2020-09-20,D
46.36984049399822,62.130976999791834,Y,7,False,2020-03-19,D
35.33522280260528,51.417169136399046,X,10,False,2020-07-08,B
58.365611185087204,73.19329539981695,Z,7,True,2020-02-16,C
7.773463696498483,53.93317839394372,Y,15,False,2020-12-26,D
97.43948076661665,51.92049116490031,X,15,True,2020-12-19,E
98.62107444796028,46.908835357974986,Y,4,False,2020-12-17,D
69.81617140197451,51.33540904782282,X,6,False,2020-07-07,A
53.60963663441204,48.47530163619456,X,5,False,2020-09-12,A
30.952761628632775,57.0810867668859,X,12,False,2020-08-09,A
81.37950197069486,59.56702316794584,Z,1,True,2020-08-28,D
68.47311725538793,42.140105394920504,X,8,True,2020-09-25,B
16.26169393448913,36.68767046442222,X,1,False,2020-01-01,E
91.09271844938425,31.637946268967035,Z,5,True,2020-02-03,D
82.2537242923169,55.079913269125434,Z,6,False,2020-03-19,B
94.9799913291924,38.966333938261265,X,3,False,2020-08-23,B
72.571950838836,28.47109407047517,Z,15,True,2020-11-29,D
61.34151959357899,53.885786045309644,Y,5,True,2020-12-14,D
41.82430362906189,74.9299951743279,Y,14,False,2020-04-07,B
93.27284833540132,49.939290884601064,Z,18,False,2020-03-22,B
86.60638895004084,58.38490774451642,Z,16,True,2020-07-10,B
4.521867010618941,50.81829358547565,X,6,False,2020-09-09,D
2.6366974497252005,49.01110346808857,Z,14,True,2020-02-07,B
37.64633668780496,59.190764829877686,X,8,False,2020-01-14,A
81.0553330781833,47.097254558113484,Y,7,False,2020-12-12,D
98.72761293149445,52.673923140719026,Z,8,True,2020-11-05,A
15.041689110352818,53.216978061960134,X,13,True,2020-07-27,C
59.41307153521351,43.31909546356951,X,6,True,2020-12-22,D
38.08908566310215,59.92042349536523,Y,18,False,2020-03-29,C
96.99143978146031,48.25040243304591,Z,2,False,2020-02-25,B
84.21189231357087,42.442548405071555,Y,8,False,2020-04-03,B
83.83287047111378,55.365098435704034,X,11,False,2020-04-02,E
46.86931597949703,41.015320182089624,X,1,True,2020-12-05,B
41.48195023376652,50.281811573691286,Z,6,False,2020-03-25,C
27.340707193070624,49.90881003355796,X,16,False,2020-09-01,B
5.6375496650927115,60.85895565831578,Z,12,False,2020-01-22,D
86.47223762550531,54.746982328799525,Y,11,True,2020-10-17,B
81.29010091300776,49.74973041254856,Z,10,False,2020-09-28,E
99.97176732861305,58.17766299200287,Z,3,False,2020-11-01,B
99.66368370739053,63.90207549017313,X,13,True,2020-05-01,C
55.543170560262745,55.578103063518626,X,3,False,2020-05-07,C
76.89874151805105,50.103526198433805,Z,15,False,2020-04-22,B
94.47657298824281,36.8816376764984,X,16,True,2020-09-29,C
84.96473906774115,39.348863369246274,X,13,False,2020-12-01,C
24.734810174319765,46.94775295645332,X,17,False,2020-05-09,E
45.05441353100935,43.90487797840717,Z,3,False,2020-05-11,D
12.915941515149498,48.13028697014554,X,11,True,2020-03-25,E
95.40510272587224,50.56649924897107,Z,19,False,2020-12-15,A
60.617463445088006,55.29692754356731,X,11,False,2020-03-21,E
22.864280550346272,49.29501221940909,Y,16,True,2020-11-20,B
67.17006844058567,54.86501643826202,X,3,True,2020-03-09,D
61.81282404578958,50.6447441481012,X,6,False,2020-05-27,B
35.81627180328405,30.245334336461287,Z,14,False,2020-01-16,A
11.355759219962902,40.606646061812455,Z,18,False,2020-11-02,D
67.15731955927996,48.55912444278385,X,17,False,2020-04-14,C
52.03077009037933,37.90305257158892,Y,4,True,2020-06-13,E
77.23183917356393,55.99928729996205,X,15,False,2020-07-19,B
52.01635011119934,65.30750832343698,X,11,True,2020-07-15,A
85.21815003185401,62.18761851697317,Y,3,True,2020-07-03,C
55.190683877448556,47.86557129069792,Z,3,False,2020-11-17,E
56.093797153538624,64.90726136849952,X,16,False,2020-09-21,C
87.66536026583451,51.486674572021116,Z,5,True,2020-12-28,E
40.3482866212397,46.629140288819606,Z,10,True,2020-04-09,D
13.401522845064074,43.8659733645906,Y,19,False,2020-12-07,C
2.8782676313338973,46.975303135118715,Y,4,True,2020-11-15,C
75.5137255673619,46.118231814587716,Z,19,False,2020-08-01,C
62.03095513534647,51.70416222375488,X,11,False,2020-10-04,D
70.40797680992236,51.60573981049865,Z,2,True,2020-06-10,A
21.296416150891073,50.03046020153415,X,10,True,2020-06-05,E
13.637147558676975,54.369381697463496,X,11,False,2020-09-07,C
1.4544665667881929,61.906462747863415,Y,16,True,2020-04-06,D
35.058755880659696,59.495541354413234,X,19,False,2020-01-18,A
58.991768685463306,35.151020315500965,X,11,False,2020-11-22,E
39.22440450997323,24.46078865098045,Z,14,False,2020-04-06,D
43.747492202372904,59.34319911239274,Y,2,True,2020-01-01,E
90.41586944937484,36.33121301584579,X,5,False,2020-08-03,C
34.82554670233004,47.75234598107316,X,5,False,2020-05-11,A
51.39894891598108,38.298869739406406,Y,19,False,2020-09-16,D
78.3653012741143,31.9801956241998,Z,12,False,2020-05-04,A
39.65427823212701,55.41462728204788,Y,18,False,2020-03-22,C
62.20867002278735,57.59155160302647,Y,4,False,2020-10-09,A
86.23637087467452,44.2348959927328,X,17,False,2020-06-19,A
94.9520623657642,24.089577078550903,X,10,False,2020-02-28,B
14.707348092903793,44.53755551747517,Z,6,False,2020-02-01,A
92.65876251614944,53.91804005402547,X,14,False,2020-06-09,E
49.21162930795382,35.21088431225871,X,11,False,2020-10-10,D
25.824438829895836,51.83359919779156,Y,11,True,2020-04-15,B
45.913575623826134,49.846901508270044,X,18,False,2020-04-14,D
98.0032575285477,55.792914996010886,Z,18,False,2020-08-15,D
49.26180939928696,51.19580368414153,Y,11,False,2020-07-06,C
32.875161028750824,40.26931059118444,Z,12,True,2020-03-10,C
63.34008543167258,61.965715016644914,Y,5,False,2020-11-13,B
24.014561877819308,48.4147042697303,X,9,True,2020-10-16,C
7.586332810866391,49.72695460490068,Y,9,False,2020-03-27,C
12.887972191064922,40.667320409268044,Y,10,False,2020-12-27,C
12.804583895777244,45.567177488084894,X,19,True,2020-02-25,D
15.190269351229436,41.15197285973099,X,1,False,2020-04-22,B
13.882717264941014,48.27053940076577,Z,7,True,2020-01-13,D
64.08747448032146,67.11708480142343,Z,4,True,2020-01-18,E
18.188008439914483,36.28098857068643,X,1,False,2020-06-30,D
34.56672833238632,33.86438602123259,X,15,False,2020-04-22,E
89.67884099060119,64.71170327493608,X,8,False,2020-08-16,A
47.39616402628724,47.90676322848134,Y,12,False,2020-06-19,A
66.75577385210272,43.309272613400836,Y,18,True,2020-10-21,E
17.231987120162984,60.39904687396076,Y,15,True,2020-07-07,E
19.228901880867078,43.94384460263136,X,17,False,2020-03-19,D
4.086861626647886,68.26009713546937,Z,14,True,2020-05-25,E
16.893506307216455,56.77925871339269,X,14,True,2020-06-30,B
27.85903390319586,45.120885918542974,Y,18,False,2020-10-12,A
17.70104842767468,71.57308213265503,Y,18,True,2020-09-06,A
8.87025337570556,43.94285076996662,X,16,True,2020-12-19,E
12.06358711006008,57.42095372009307,X,1,False,2020-11-09,C
46.077876803272574,52.99292580406492,Y,11,True,2020-07-14,C
20.63337184057925,63.01741289398798,Y,15,False,2020-11-18,E
36.42698610480755,65.61511196726853,Y,12,True,2020-03-11,B
50.34172708548569,50.320041490657665,X,8,False,2020-09-04,C
69.03948286293652,42.46582129653817,Y,6,True,2020-05-25,E
3.9312139841098936,54.59972142939117,Y,3,True,2020-04-15,B
79.94103989090426,43.22284630247894,Z,13,False,2020-09-19,B
62.79003894909078,70.13387247526623,X,13,False,2020-10-22,D
8.17590319488719,51.36535331082737,Z,2,False,2020-03-10,B
87.35786241067773,46.34678448687891,Z,5,False,2020-07-11,C
92.08724005318132,51.84680305864909,Y,17,True,2020-03-08,C
6.107795985486375,36.52873710470303,X,6,True,2020-10-31,E
27.687764814720374,40.28385961489349,Y,2,True,2020-02-21,E
80.62012797930613,62.00413907944426,X,4,False,2020-12-28,B
74.82596903836584,43.43105721028604,Z,11,True,2020-10-11,A
18.45210193563773,39.5308901731806,X,8,True,2020-11-29,D
20.93493233367103,55.36652752527286,Y,12,False,2020-01-09,A
37.0472102791382,61.85704154662997,Y,8,False,2020-09-07,B
48.45229851910213,57.18953310665067,Y,11,True,2020-11-27,B
61.825477153029595,59.960476858058165,X,8,False,2020-10-24,A
36.891363956977244,42.43204911430539,Z,8,True,2020-07-02,D
46.25347161331479,35.78189333258156,Z,17,True,2020-06-27,A
74.74709381337566,65.01333651955487,X,16,False,2020-07-16,E
3.66832028905979,46.77320161157864,Y,14,True,2020-05-07,C
25.243694434402077,47.49166983544953,Z,11,False,2020-01-20,E
71.33495858845524,63.281941418490575,Y,7,False,2020-11-23,C
89.52068376871993,55.5623000940066,X,16,True,2020-03-05,B
51.167744211566614,54.55887772081608,Y,13,True,2020-06-30,D
53.211348526531566,71.65002344901083,Z,15,True,2020-08-28,A
10.717201133977605,43.564817696198574,Z,16,False,2020-01-24,D
44.741236682345466,59.278401280812375,Y,9,True,2020-03-23,A
53.261726645502314,50.570131248970846,X,3,False,2020-11-14,E
24.247050363472965,52.68592278863257,Y,19,False,2020-07-03,E
26.924323094938096,65.28468426412532,X,5,True,2020-11-11,A
37.728416310462265,55.07835756289624,Y,10,False,2020-04-08,D
2.007119777772637,55.38296079049633,Z,17,True,2020-03-02,A
32.20791655831783,60.72507337309802,X,15,True,2020-10-12,B
21.144800699654464,46.350472704571146,X,8,True,2020-01-22,E
32.74973521779147,41.607903326609936,X,15,True,2020-07-30,B
11.976213181925122,39.55190805978967,Z,14,True,2020-05-05,E
89.0527280739895,30.33643410623998,Y,7,True,2020-02-11,E
59.359245355404866,70.56207129940321,Z,12,True,2020-04-07,C
67.91023191444896,38.96791634278317,X,17,False,2020-01-31,B
78.91712386073382,47.78746376414228,Y,17,True,2020-06-06,B
49.84421989290573,47.23186700111079,Z,10,False,2020-04-21,C
8.69202880874237,53.07406697809101,X,19,False,2020-09-03,D
53.71065418185478,58.15737212539297,X,14,False,2020-05-01,B
58.68411180208791,58.60473488359745,Z,11,True,2020-09-29,A
74.54394741843299,44.16922561431062,Z,2,False,2020-10-20,C
43.16595462296794,48.32878286213589,Z,18,False,2020-07-25,B
12.758030279556376,52.825799504882994,X,7,True,2020-04-19,D
28.377590579872447,47.51308873816453,Z,12,True,2020-10-04,B
36.30822963986351,66.07345576019992,X,2,False,2020-02-25,E
64.59172413316013,54.90974951638251,Z,18,True,2020-02-26,A
57.077830466891186,57.348777860498174,X,6,True,2020-10-17,C
35.60967258978462,56.628812686674124,X,10,True,2020-04-23,E
98.65152487929797,61.73473857485325,Y,15,True,2020-11-03,D
60.577481935688716,51.81021558703707,Z,5,False,2020-12-06,E
23.72267917359945,37.03168052044153,Z,3,True,2020-07-16,E
10.178247262040374,53.996879517526416,X,5,True,2020-11-16,D
15.285913918433202,43.48643106208171,X,8,True,2020-06-27,E
24.595772838450813,44.713833182502434,X,8,False,2020-08-06,C
16.06813732595557,55.863640187550935,Y,8,False,2020-10-03,B
18.656702405130577,62.38283071433636,Y,12,True,2020-01-16,E
28.50951686938471,50.21271576736061,X,8,True,2020-03-01,C
17.33735952947548,53.088330125989636,Z,11,False,2020-02-23,B
89.67654246264252,67.02214944635239,Z,14,True,2020-06-16,B
8.023374566164222,52.407531794885685,Y,8,True,2020-01-26,E
52.451138957025464,76.01683114180395,Y,10,False,2020-12-01,C
41.03968269896615,55.65509645631544,X,7,True,2020-03-05,E
98.23786169086064,32.39237240844182,Z,17,True,2020-04-09,D
11.203890216805235,57.53341621104533,X,4,False,2020-03-14,B
39.785559904574164,53.81158384882778,Y,13,False,2020-07-10,E
96.94704332753689,62.897527540827454,Z,4,True,2020-06-19,B
86.55071258939803,56.73181351269958,Z,5,False,2020-09-29,C
81.707207094928,48.615440160162265,Y,4,True,2020-07-05,A
25.790282704493983,37.757017637106344,X,18,True,2020-01-23,E
17.088758739006582,47.90976742713975,X,6,True,2020-06-29,E
66.8643219924431,41.494795457907,Z,2,False,2020-11-22,B
92.93759891275857,44.19476550195277,Y,11,False,2020-04-17,C
55.67628930139298,55.8857840442061,Z,14,True,2020-11-30,D
57.161268946989985,66.69904504351406,Y,5,True,2020-06-10,C
27.997909366028416,53.94671529822981,X,6,False,2020-10-28,E
76.94929331919369,38.04116937964815,Y,10,False,2020-07-24,D
18.704374855752338,54.446026682201406,X,8,False,2020-03-18,C
32.367923640424365,61.966314866456514,Y,14,True,2020-01-16,A
42.54364386164168,43.90217095680618,Z,3,False,2020-11-22,B
50.7610378684455,48.65982833327082,X,12,False,2020-04-05,C
24.240973241508023,50.14688194729197,Z,16,True,2020-05-26,C
11.483682473920354,42.151016869177596,Z,17,True,2020-01-02,A
61.06200424416326,56.48280433843859,X,1,True,2020-01-10,E
28.863055324025577,48.79051851392219,X,10,False,2020-05-04,B
58.123822142261226,54.195324439070276,Z,10,True,2020-03-21,C
15.436271527420232,41.125078221978995,Z,2,True,2020-05-19,D
48.114010185481746,45.62541699676589,Z,9,True,2020-11-21,C
53.258943255158584,57.22381357827771,Z,13,True,2020-05-29,B
5.182353682242691,46.27166847908233,X,16,False,2020-10-14,C
33.660427819392055,67.26963851233405,X,18,True,2020-12-26,A
13.441467693897424,46.003638143853976,Z,19,False,2020-12-05,C
6.337497047276774,52.24684725751886,Y,12,False,2020-05-08,C
98.99602323899452,59.325908318730896,Y,8,False,2020-08-26,D
32.235384497472296,35.816342670669684,X,17,True,2020-02-27,A
80.98744458546349,32.39191188019224,Z,15,False,2020-07-16,A
25.464065476376383,34.74343685429905,Z,10,True,2020-07-29,C
68.15027222239293,62.62584103427182,X,15,True,2020-02-14,D
76.02278598896865,44.481418541075534,Y,15,True,2020-04-06,C
59.56387406078443,75.58199285668252,Y,7,False,2020-10-05,C
47.15761885501584,44.357524013426115,Y,13,True,2020-01-23,B
41.18409141472685,51.84551303197037,X,17,True,2020-11-30,B
34.88682665429953,65.42109952567876,Y,9,True,2020-02-13,D
92.95291442478259,70.06092888159122,X,8,False,2020-01-27,E
83.06194077877291,70.61503576636397,X,18,False,2020-10-08,B
96.50269106665125,62.083662305931426,Z,13,False,2020-04-06,E
12.429722348554472,60.240625258114626,Y,16,True,2020-02-05,A
73.08674752036443,55.92526949201183,X,9,False,2020-04-18,B
93.83404568210378,57.78361076166638,Y,12,True,2020-02-24,B
18.123306616566015,44.488142836714665,Y,12,True,2020-07-10,D
6.6496267366777495,41.81801116577693,Z,6,False,2020-08-06,E
74.11206492900591,49.96625542589048,Y,19,True,2020-07-03,B
57.44731131799119,48.298153774750716,Z,7,False,2020-03-09,B
84.1828776758272,45.46771950672725,X,3,True,2020-11-12,D
13.97723766262895,56.963874474567156,Y,16,False,2020-05-09,D
79.52673118598902,59.553052085705104,X,18,True,2020-02-24,E
20.162732004774455,50.884068862918475,Y,16,True,2020-04-06,A
16.36559428657045,64.77530081055262,X,7,True,2020-12-01,A
16.426579793099293,38.58310885866495,Y,4,True,2020-03-27,C
81.45747202313821,48.06340540720282,Y,8,True,2020-10-20,B
66.51972206962002,42.831776793971954,Y,13,False,2020-04-28,E
52.30654247691193,31.3346338292694,Y,13,True,2020-07-26,B
35.88304841235025,49.17319314157301,Y,17,False,2020-11-29,E
87.72005408131082,48.78252491616716,Y,17,False,2020-06-02,E
39.244510742263536,65.13449743242131,Y,5,False,2020-02-04,E
81.65994394715771,56.30811684554777,Y,6,True,2020-03-19,B
43.91349085702184,39.758131756707954,Y,19,True,2020-03-07,D
37.69444294249076,68.54092566334188,X,13,True,2020-12-08,B
46.26797856696064,62.21033695525353,Z,14,False,2020-02-03,E
30.13778741641421,55.82097703468616,Y,4,True,2020-04-06,C
74.76093801762511,47.73515901150168,Z,7,True,2020-06-17,A
50.27203900924791,40.405607632765204,Y,8,False,2020-06-17,E
23.22126951468173,46.27793223928947,Y,13,False,2020-05-30,C
89.95745732745685,60.88748619704186,X,6,False,2020-03-11,D
38.38912213732114,68.84586305934609,X,6,False,2020-01-03,E
54.35528611139886,65.43243528272188,Z,3,False,2020-11-09,C
90.6472110964547,45.11150578213726,X,3,False,2020-02-01,E
62.42379959139921,38.80382566710989,X,13,True,2020-10-13,B
11.689804070836407,51.40886246911204,Z,2,False,2020-03-22,C
93.98321236134751,32.31560634437149,X,16,True,2020-02-12,B
62.770805307141785,53.23167714184781,Y,6,True,2020-04-14,B
33.49056146570861,48.52397413701331,Z,8,True,2020-01-01,C
13.927207266338726,45.33963498131758,Z,8,False,2020-03-01,A
79.4025189270296,34.05296932733204,Y,6,True,2020-09-26,C
62.00727559285135,55.136001065697165,X,14,False,2020-06-28,A
53.34610919763215,44.672991603380886,Z,3,False,2020-08-11,E
89.38925830509577,38.30083164289712,Z,10,True,2020-01-06,E
78.85972112245308,21.277377867183507,Y,3,False,2020-04-12,C
15.167487973275119,49.724850949493636,Y,12,True,2020-01-10,E
31.172206779554823,67.72251596669744,X,17,True,2020-03-11,D
24.848913981446575,66.6125921454787,Z,5,False,2020-03-30,B
74.3946292572677,45.429037434137285,X,9,True,2020-08-13,B
3.353243473577938,43.97787939638219,X,7,True,2020-06-06,A
56.98896848713165,54.68774256075024,Y,4,True,2020-08-15,E
76.24586857406905,40.016145608117085,Z,13,False,2020-05-05,A
87.67656367617495,53.01791899819466,Z,13,True,2020-07-27,B
34.20817487159075,57.660802783846904,Z,10,False,2020-04-06,B
82.12573046720128,62.26933223884308,Y,18,False,2020-03-14,E
11.063173695520723,48.99845923520047,Y,17,True,2020-04-24,D
84.64522917345182,47.96326249823034,Y,13,True,2020-07-09,D
12.748866233198243,41.22017413243439,Y,17,False,2020-06-18,E
39.72872905603673,41.7311964596014,Y,4,False,2020-11-02,E
79.72953657795536,47.73521108098473,Z,1,True,2020-07-22,A
14.991742734877377,53.67365506816178,X,1,True,2020-02-25,E
22.92513952326415,59.13584626233249,Z,15,False,2020-07-26,D
72.22525683930662,41.96821049319655,X,13,False,2020-02-10,E
72.00365365460743,64.92688568959522,Y,17,False,2020-02-01,A
64.11476328852973,47.28876398957431,X,8,False,2020-01-15,A
69.39484444671,49.78632705651564,Z,18,False,2020-03-02,A
54.27244433475962,42.527883208521764,Z,13,True,2020-06-03,A
25.179905890695274,25.757597397270583,X,14,False,2020-10-10,C
34.56959935039195,58.8404539636105,Y,8,False,2020-07-27,E
18.159771680142565,57.36843897092433,Y,8,True,2020-11-15,B
90.84505613336283,47.18672442881787,Z,15,True,2020-07-05,E
58.339179476612046,50.66990717224872,X,13,False,2020-05-09,C
40.08514167636399,55.15939217704099,Y,7,False,2020-05-06,A
46.20058036441327,34.374541431134574,Y,5,True,2020-10-18,C
94.72833396118153,44.70947322653705,Z,17,False,2020-04-23,D
15.33514031160802,57.94264679621827,Y,16,False,2020-07-17,D
58.62298320167972,37.45710576830751,X,2,True,2020-01-13,E
50.5888678884466,52.935579321666296,Z,18,False,2020-09-27,E
61.14542354346478,36.43418195376595,Z,17,True,2020-03-29,B
1.8110183820840509,54.66429982433527,X,7,True,2020-08-02,B
87.21239089441515,49.643585177025166,Z,13,True,2020-10-04,D
93.21182824836124,33.848681840944906,Y,18,True,2020-07-21,A
56.51331835892089,61.64739354457171,Y,14,False,2020-03-14,C
69.66508238768922,42.65408423201951,X,18,True,2020-01-25,B
92.24993811772957,41.89747562985619,Y,13,False,2020-04-10,B
70.72386343133986,52.00569197230943,X,11,False,2020-06-24,A
15.253904291426135,61.48637349428715,X,16,False,2020-04-26,A
57.62883601668132,39.841781810216034,Y,17,False,2020-06-14,E
60.67150463828559,50.61679849847972,X,8,False,2020-02-10,C
42.4130671302386,54.28816500330573,Y,19,True,2020-12-09,A
73.64442356247228,56.93105607263144,Z,15,True,2020-04-29,B
93.43670147690149,51.76441555277225,Z,9,True,2020-04-06,B
92.55685129067763,46.329721609166775,X,10,True,2020-05-24,D
45.08393714041321,41.724097793512804,Y,12,False,2020-08-03,A
11.323804584075525,50.86143883046375,Y,1,True,2020-08-16,E
98.48411989623345,39.27860988014393,Z,9,False,2020-11-08,C
83.88980864459342,20.78649516505393,Z,15,False,2020-05-09,E
12.466268120326685,54.365598041576675,Y,1,True,2020-12-17,B
92.08418826173724,59.039348410861955,X,12,True,2020-11-13,E
86.98963620621282,26.370675644581617,Z,3,True,2020-05-16,B
51.88380571260721,39.90269295290062,X,11,True,2020-11-19,B
59.127543574492925,56.191542610051975,X,2,False,2020-12-02,B
39.90027038701302,70.574954697117,Z,16,False,2020-09-29,B
5.476163882203133,50.20793707675408,X,9,True,2020-04-26,B
33.519724164590095,42.71997058770866,X,15,False,2020-11-01,D
80.28534485980114,48.1710355889516,Y,12,False,2020-04-03,E
0.4632023004602859,63.74876419148185,X,1,False,2020-06-16,D
33.34991716911442,43.54035820875465,Y,13,True,2020-07-21,D
39.81686935909433,42.00807993349746,Z,14,False,2020-12-06,A
53.73956029379229,45.17256477817968,Z,8,True,2020-05-28,A
91.98556164127605,40.466713917412875,Y,8,True,2020-07-01,A
34.634599436596126,51.22670315994795,Z,12,False,2020-05-31,C
34.69532018962277,66.2467845846956,X,1,False,2020-03-14,A
73.75012481097484,53.23079273116029,X,11,True,2020-12-30,E
45.221794088980715,47.47646497873713,X,8,False,2020-09-30,D
22.460482293998197,47.08188731084456,Z,10,False,2020-02-11,E
45.24395161326934,34.36809191303343,X,19,True,2020-07-30,A
14.085702037979985,58.83109777147159,Z,11,True,2020-04-10,C
17.63869865062233,49.22162802987198,X,7,True,2020-02-14,C
49.83677727394797,48.19520086409374,Y,11,True,2020-03-22,D
41.89254495045479,81.93107567844861,Z,17,False,2020-01-17,E
91.48459010681,52.98752908365686,Z,1,False,2020-03-13,B
36.23938991166331,42.48208949904816,X,8,True,2020-01-14,E
58.05883502780434,45.736424037944566,Z,6,True,2020-06-05,A
63.22642879195304,61.48445709196755,Z,18,True,2020-08-10,B
1.3094456588333636,51.13270410537764,Y,6,False,2020-05-11,C
66.35373720167107,35.61722021682633,Y,5,True,2020-12-03,D
17.803596686975144,59.19228934575204,X,13,False,2020-02-16,D
96.10703174694551,43.31855914461006,Y,19,True,2020-04-16,C
14.866272775311295,68.73297776217545,X,8,True,2020-04-17,A
41.462412372702374,60.80048065714649,X,9,True,2020-09-21,C
8.534966807864386,45.52678104341249,X,17,False,2020-07-23,A
99.68742518459473,62.81016361735113,Z,3,False,2020-03-19,B
50.21950103312426,50.678555105274036,Y,19,False,2020-06-03,C
59.53850173200438,58.52773675122219,X,11,True,2020-09-27,A
6.7076477388427485,54.84732817294475,Y,17,False,2020-09-03,B
74.99604703991778,41.536433450091266,X,19,False,2020-01-19,C
20.990559309558577,43.56450167682538,Y,2,True,2020-12-11,D
89.80542894407138,60.29960817581161,Y,8,True,2020-01-26,C
20.513964048200716,46.65224667893459,X,19,False,2020-08-04,E
19.068772066366655,45.96351536758003,Z,7,False,2020-06-02,C
3.654966784809488,40.44877420650647,Y,17,False,2020-06-02,E
47.206694510999924,54.235990655934614,Z,6,False,2020-06-22,B
56.48411332626164,70.62524919243145,Z,19,True,2020-04-01,C
6.570863942835237,39.32467085745727,X,6,True,2020-12-03,B
77.55276166950105,50.24219456672758,X,2,True,2020-06-29,B
45.32888347480276,64.12220555415429,X,6,False,2020-05-10,A
52.439026932758004,49.203586087542845,Y,5,False,2020-10-24,B
44.07627469382282,54.52371796249734,X,19,True,2020-10-01,B
40.0763060875326,39.376064718531204,X,4,True,2020-09-29,C
55.96403313082179,54.28307097207649,Y,17,False,2020-03-16,C
15.52402459307125,48.12855734995451,Y,11,False,2020-06-25,D
18.19281304952711,59.85729995679863,X,4,True,2020-07-02,A
86.17856210135173,61.87386051564751,X,13,True,2020-11-14,B
94.61154621336327,75.89563642018614,X,17,True,2020-05-10,A
37.330931627975296,55.796331732135755,X,9,False,2020-12-28,E
27.074467314355378,53.257963165821664,Z,4,False,2020-02-18,B
64.39995432390158,51.94384301577336,Z,14,False,2020-02-24,A
40.87341710980964,46.46833707189312,X,19,False,2020-06-02,D
2.538635566034486,53.38483843461691,Z,3,False,2020-12-20,D
15.615259736619036,47.04598589860971,Y,14,False,2020-07-18,B
71.59722288473975,51.68460976269614,Z,8,True,2020-11-03,E
65.89239419101514,63.1759753560796,Z,1,True,2020-12-21,D
2.709599250348349,39.934574347203586,X,10,False,2020-04-27,D
22.197216193294945,61.39878561129045,Z,18,True,2020-09-19,E
23.10747965880714,63.17115067339866,Z,16,False,2020-02-15,A
67.18927435987284,48.81931473008921,Z,8,True,2020-10-28,D
1.9710537754364155,28.781451009914054,Z,1,False,2020-12-21,C
10.410858198457385,43.921780129055676,Y,12,True,2020-07-07,D
79.99160853731894,62.96994546561109,X,8,True,2020-11-05,A
17.85446620543336,49.77131937701118,X,16,False,2020-11-13,A
65.27461078518748,40.00697767705089,Y,18,False,2020-05-08,B
23.81827810467265,44.95225078771782,Z,4,True,2020-02-18,C
9.944139275934516,58.40620026504553,Y,6,True,2020-01-25,A
24.317219099945408,55.4673356820138,Z,12,False,2020-09-22,E
72.22669318556592,47.61067900830306,Y,9,True,2020-04-27,C
85.56964681062857,46.33175588185313,X,15,False,2020-05-23,C
83.02198645669915,46.08241850956178,X,16,False,2020-07-18,E
39.71835296184548,40.77589815501497,X,12,True,2020-06-05,D
66.80851365706462,66.15375689469442,Z,14,False,2020-12-13,E
20.498429541582098,46.7767953078866,Z,13,True,2020-05-13,E
29.314773026101328,62.17158520825497,Y,2,True,2020-05-27,D
89.63358185211197,65.21316051922452,Y,3,False,2020-12-01,D
1.3001923510736035,59.9831089814796,X,10,True,2020-03-11,D
8.550853085446807,45.683796872819514,Z,9,False,2020-08-20,D
20.78862551460273,54.037300903366095,Y,8,False,2020-11-29,D
2.6532203873819715,49.758043936090836,Z,10,False,2020-10-25,E
18.143543508979732,40.96298139269872,Z,19,True,2020-06-02,B
58.304156096969216,53.24359281721603,X,3,False,2020-03-30,B
42.1424550592498,38.20960208840198,X,5,True,2020-11-29,A
89.26717110769748,61.87679388461564,Z,3,False,2020-07-17,B
81.7443561738441,45.35382702701607,Z,16,False,2020-06-09,B
34.1817351697876,52.01159655872839,Z,17,False,2020-01-26,E
25.94234334312925,52.83287871546142,Z,15,True,2020-04-30,D
37.96924081672669,47.410950262959226,X,3,True,2020-10-27,D
59.02949425148078,55.86693801475275,Y,12,False,2020-07-30,E
26.806364082287626,45.25096343377476,X,9,False,2020-03-03,B
62.4148907849134,58.71297297457244,Y,12,True,2020-03-08,E
40.941165219124045,36.54020319753251,Z,15,True,2020-09-09,A
55.204718085198024,51.26379579546412,Y,2,True,2020-01-02,D
43.61265291353167,69.38928999058285,X,18,False,2020-04-17,C
29.44657595419177,39.99668675394425,X,12,True,2020-10-12,A
94.84533069621567,43.222550294751485,Z,4,False,2020-02-18,A
76.36057941597608,55.13907849658915,X,16,True,2020-05-19,E
14.011317576645254,51.79581781939598,Z,16,False,2020-08-05,B
86.84679758979128,53.50630099273559,X,1,False,2020-02-13,D
48.743119824951364,54.891871301476634,X,2,False,2020-09-25,C
89.45522268940914,56.3472146856177,Z,3,True,2020-03-18,A
79.98552559473153,61.09699841956223,Y,17,True,2020-08-03,C
42.52135044692334,54.098186569285126,X,1,True,2020-04-07,B
2.24693083201174,47.58742345381457,Y,6,False,2020-08-23,B
26.867735938494608,56.72573701202731,X,15,False,2020-10-08,C
54.16342146608669,68.99881934895215,X,14,True,2020-05-28,D
63.347821982614725,48.67366253617426,X,15,False,2020-10-30,B
25.788768543320227,40.254706953293585,X,14,False,2020-03-06,C
13.935607407282413,61.07080669286972,Y,5,False,2020-08-21,A
83.4930236799299,48.796188360464015,Y,6,True,2020-03-27,C
98.44021807035521,28.273304539859637,X,17,False,2020-03-19,C
52.56901823026858,58.47421677150422,X,11,True,2020-07-23,E
17.16792858483035,44.64671814046077,Y,16,True,2020-10-05,B
27.230732651936897,49.094667176958396,Z,12,True,2020-12-02,D
1.8390676547466733,53.319803305690144,Z,15,True,2020-09-10,D
91.4298806560499,51.904996797790666,Y,4,True,2020-10-30,E
11.775108289014113,57.0945181713904,X,18,False,2020-05-09,D
57.651647551425356,45.645136294301565,X,3,True,2020-03-24,C
27.4055220687206,55.131057981760826,Z,8,True,2020-10-02,E
55.417800251579344,47.40453322416083,Z,3,True,2020-07-05,A
65.14203883518643,57.38810480887503,Y,8,False,2020-02-15,B
82.97418037072016,56.153674840130535,Z,18,False,2020-07-01,B
20.64212717606032,40.645612979554045,Y,10,False,2020-09-24,B
1.0995828658480478,60.85982116175032,Z,17,False,2020-10-22,C
13.688563006880727,44.64036554885952,Z,8,True,2020-11-17,A
90.00186418481051,58.08057798281145,Z,11,True,2020-04-09,E
87.38900775625153,53.67287313401341,X,5,False,2020-03-18,E
59.74131021703083,68.38183676795123,X,13,False,2020-09-28,B
60.051686043365336,47.76534017628148,X,5,False,2020-12-04,A
66.50366745462554,46.506832038818025,Z,13,False,2020-06-10,A
17.53712786234496,49.805803941122676,Y,6,True,2020-02-13,A
91.44119459249598,46.968202171657246,Y,5,False,2020-08-25,D
41.87705248920731,57.9994190194205,Y,9,False,2020-05-13,D
38.31385282494975,33.83689391563412,Y,16,False,2020-07-10,B
51.89177052828376,39.46317580853646,X,2,False,2020-12-21,A
4.696596677505505,39.32197078420807,X,1,False,2020-10-04,A
16.628336875607943,59.50307591973576,Z,8,False,2020-01-18,E
73.80336164263704,67.10613372581925,Z,19,False,2020-01-12,E
8.279866792512646,48.955507814625285,Y,11,True,2020-06-28,B
60.31521094663882,48.311782768099896,X,12,True,2020-05-02,A
24.534910968132095,50.700521631131814,Y,12,True,2020-09-02,B
38.929561404197656,61.61878302608191,Z,7,True,2020-08-09,E
28.869373677069987,40.72646865809426,Z,13,True,2020-02-20,E
35.567271646494916,52.38368982734785,Y,8,True,2020-03-11,D
71.90459051842456,59.7519762978243,Z,9,False,2020-02-17,B
29.7121715623175,55.01094169939845,Y,7,False,2020-01-19,B
56.64046402968972,51.89581616598743,X,15,True,2020-09-18,A
47.60504021990997,60.01046092567141,Y,2,False,2020-03-24,A
66.36711653626482,22.96767707000763,X,12,True,2020-06-03,D
93.6829739324758,56.77875319530908,X,1,False,2020-02-22,C
73.25720972102503,43.45924316872576,Z,8,False,2020-04-16,C
21.494037859075675,31.693671031435432,Z,5,False,2020-12-22,C
3.1183135061284672,55.11202599524981,Z,15,False,2020-10-30,B
26.22640442998251,63.73658545162958,Y,1,False,2020-05-14,B
59.507793070025485,48.62551485372308,Y,1,False,2020-03-09,E
5.1425813484250344,59.528745472029385,Z,10,True,2020-01-11,B
49.636624720123635,66.12278257988646,Y,10,True,2020-05-22,B
59.68428489168892,63.14914453584048,Z,15,False,2020-07-10,B
33.424389081696084,66.39964529371393,Y,17,True,2020-03-09,D
77.09122037458219,57.42127491071892,X,6,False,2020-01-23,B
10.65982531337718,50.754336389015926,X,3,True,2020-06-29,A
7.513778173580876,33.980341881028316,Z,13,False,2020-10-19,A
72.81887562036033,47.53937511870051,Y,16,True,2020-01-09,E
49.549131620619846,41.567534046838084,Y,8,False,2020-09-27,D
68.84023964277361,71.70942717497815,X,15,True,2020-04-02,A
43.48273386037462,48.24114187567663,X,17,False,2020-01-17,D
24.640203323910683,51.23204806784486,Z,17,True,2020-06-02,D
81.91023176741997,55.51485376040468,X,13,False,2020-11-23,E
79.94158789689793,50.436024463724536,Z,17,False,2020-05-28,D
69.46964708544267,66.95051040430752,X,6,False,2020-09-23,B
27.21451372299627,43.77350638265548,X,17,True,2020-11-23,D
59.023066686908706,51.94607455237243,Y,16,True,2020-04-15,E
36.09738969400268,42.57529414301952,X,14,True,2020-02-04,E
9.158207332663416,36.79977488779294,X,13,False,2020-04-28,E
91.73135754622427,43.882309090947146,Z,6,True,2020-01-14,A
13.68186309189614,49.62963202951588,X,3,False,2020-01-14,B
95.02373538208025,45.7069777548274,Z,14,True,2020-09-22,A
44.600577295795574,43.07579020126144,X,14,True,2020-05-19,C
